{"bounds":{"east":119.179515838623,"north":35.2001953125,"south":34.6289821545061,"west":118.212890625},"contentType":"image/png","latLonBounds":{"east":119.179515838623,"north":35.2001953125,"south":34.6289821545061,"west":118.212890625},"maxzoom":13,"minzoom":0,"proj":3857,"tiletrans":"google","type":"image","ziped":false}